../faces_data/faces/an2i/an2i_straight_happy_open_4.pgm
../faces_data/faces/an2i/an2i_straight_neutral_sunglasses_4.pgm
../faces_data/faces/at33/at33_straight_neutral_sunglasses_4.pgm
../faces_data/faces/at33/at33_straight_sad_open_4.pgm
../faces_data/faces/boland/boland_straight_sad_sunglasses_4.pgm
../faces_data/faces/boland/boland_straight_angry_open_4.pgm
../faces_data/faces/bpm/bpm_straight_angry_sunglasses_4.pgm
../faces_data/faces/bpm/bpm_straight_happy_sunglasses_4.pgm
../faces_data/faces/ch4f/ch4f_straight_angry_sunglasses_4.pgm
../faces_data/faces/ch4f/ch4f_straight_happy_sunglasses_4.pgm
../faces_data/faces/cheyer/cheyer_straight_sad_open_4.pgm
../faces_data/faces/cheyer/cheyer_straight_happy_open_4.pgm
../faces_data/faces/choon/choon_straight_happy_sunglasses_4.pgm
../faces_data/faces/choon/choon_straight_angry_sunglasses_4.pgm
../faces_data/faces/danieln/danieln_straight_sad_open_4.pgm
../faces_data/faces/danieln/danieln_straight_angry_open_4.pgm
../faces_data/faces/glickman/glickman_straight_happy_open_4.pgm
../faces_data/faces/glickman/glickman_straight_happy_sunglasses_4.pgm
../faces_data/faces/karyadi/karyadi_straight_happy_open_4.pgm
../faces_data/faces/karyadi/karyadi_straight_happy_sunglasses_4.pgm
../faces_data/faces/kawamura/kawamura_straight_neutral_sunglasses_4.pgm
../faces_data/faces/kawamura/kawamura_straight_neutral_open_4.pgm
../faces_data/faces/kk49/kk49_straight_happy_sunglasses_4.pgm
../faces_data/faces/kk49/kk49_straight_angry_sunglasses_4.pgm
../faces_data/faces/megak/megak_straight_angry_sunglasses_4.pgm
../faces_data/faces/megak/megak_straight_angry_open_4.pgm
../faces_data/faces/mitchell/mitchell_straight_angry_sunglasses_4.pgm
../faces_data/faces/mitchell/mitchell_straight_happy_open_4.pgm
../faces_data/faces/night/night_straight_sad_sunglasses_4.pgm
../faces_data/faces/night/night_straight_angry_sunglasses_4.pgm
../faces_data/faces/phoebe/phoebe_straight_happy_open_4.pgm
../faces_data/faces/phoebe/phoebe_straight_happy_sunglasses_4.pgm
../faces_data/faces/saavik/saavik_straight_happy_open_4.pgm
../faces_data/faces/saavik/saavik_straight_happy_sunglasses_4.pgm
../faces_data/faces/steffi/steffi_straight_angry_open_4.pgm
../faces_data/faces/steffi/steffi_straight_sad_sunglasses_4.pgm
../faces_data/faces/sz24/sz24_straight_happy_sunglasses_4.pgm
../faces_data/faces/sz24/sz24_straight_sad_open_4.pgm
../faces_data/faces/tammo/tammo_straight_neutral_open_4.pgm
../faces_data/faces/tammo/tammo_straight_neutral_sunglasses_4.pgm
